Title,Content,Description,URL,Source,Published Date,Image URL,Author
Alibaba denies it has made $1 billion investment in DeepSeek,"On Feb. 7, reports circulated online that Alibaba was looking to invest $1 billion in DeepSeek to take a 10% stake, valuing the AI company at $10 billion and potentially forging a strong partnership … [+356 chars]","On Feb. 7, reports circulated online that Alibaba was looking to invest $1 billion in DeepSeek to take a 10% stake, valuing the AI company at $10 billion and potentially forging a strong partnership between two Hangzhou-based tech companies. Alibaba Group Vic…",http://technode.com/2025/02/08/alibaba-denies-it-has-made-1-billion-investment-in-deepseek/,TechNode,2025-02-08T09:38:00Z,https://i0.wp.com/technode.com/wp-content/uploads/2023/10/%E6%88%AA%E5%B1%8F2023-10-10-%E4%B8%8B%E5%8D%883.49.21.png?fit=480%2C254&ssl=1,TechNode Feed
Apple Stock Jumps on Artificial Intelligence (AI) Driving iPhone Sales. Here's Why It's Not Getting Crushed by the DeepSeek Launch,"The news of DeepSeek's launch last week spread rapidly in the markets, wiping out 16% of Nvidia's value while affecting many other artificial intelligence (AI) stocks.However, several stocks notably … [+147 chars]","The news of DeepSeek's launch last week spread rapidly in the markets, wiping out 16% of Nvidia's value while affecting many other artificial intelligence (AI) stocks.
However, several stocks notably withstood the DeepSeek avalanche, including Apple (NASDAQ: …",https://biztoc.com/x/519f28455f9d8f33,Biztoc.com,2025-02-08T09:35:30Z,https://biztoc.com/cdn/808/og.png,aol.com
Apple Stock Jumps on Artificial Intelligence (AI) Driving iPhone Sales. Here's Why It's Not Getting Crushed by the DeepSeek Launch.,"If you click 'Accept all', we and our partners, including 239 who are part of the IAB Transparency &amp; Consent Framework, will also store and/or access information on a device (in other words, use … [+702 chars]",,https://consent.yahoo.com/v2/collectConsent?sessionId=1_cc-session_713cb470-d013-43f6-94ee-23b0db69939c,Yahoo Entertainment,2025-02-08T09:05:00Z,,
"Stock-market concentration rivals 1929 and 1999 levels, Glenmede Investment Management warns — setting the S&P 500 up for 5 years of dismal returns","How much longer can the Magnificent Seven stocks continue to dominate the equity market? History suggests their era of outperformance is on the verge of fading.
According to an analysis by Glenmede … [+3601 chars]",How much longer can the Magnificent Seven stocks continue to dominate? History suggests not long.,https://www.businessinsider.com/stock-market-crash-why-sp500-due-for-dismal-returns-glenmede-2025-2,Business Insider,2025-02-08T09:00:01Z,https://i.insider.com/67a667f06630eb10385bf7fe?width=792&format=jpeg,wedwards@businessinsider.com (William Edwards)
"Cloudastructure, Inc. Class A Common Stock (CSAI) Expands Sales Team to Meet Growing Demand for AI Security Solutions","We recently compiled a list of the 10 AI News Updates Making Waves on Wall Street. In this article, we are going to take a look at where Cloudastructure, Inc. Class A Common Stock (NASDAQ:CSAI) stand… [+4626 chars]","We recently compiled a list of the 10 AI News Updates Making Waves on Wall Street. In this article, we are going to take a look at where Cloudastructure, Inc...",https://finance.yahoo.com/news/cloudastructure-inc-class-common-stock-072419300.html,Yahoo Entertainment,2025-02-08T07:24:19Z,https://s.yimg.com/ny/api/res/1.2/jES.4QWlDHc9sIS36lXM2g--/YXBwaWQ9aGlnaGxhbmRlcjt3PTEyMDA7aD02NzM-/https://media.zenfs.com/en/insidermonkey.com/98ce5b257a2e848e21ffb1e42a1541ab,Affan Mir
How Apple could work with DeepSeek to pull ahead in the AI race,"Ever since DeepSeek burst onto the scene last month, theres been no shortage of opinions about what the Chinese startups artificial intelligence accomplishments mean for Americas AI giants like OpenA… [+1937 chars]","Ever since DeepSeek burst onto the scene last month, there’s been no shortage of opinions about what the Chinese startup’s artificial intelligence accomplishments mean for America’s AI giants like OpenAI, Microsoft, Google, and Meta. 



However, there’s one …",https://www.fastcompany.com/91273725/deepseek-benefit-apple-intelligence-china-ai-race-openai-google-microsoft-meta,Fast Company,2025-02-08T10:00:00Z,"https://images.fastcompany.com/image/upload/f_webp,q_auto,c_fit,w_1024,h_1024/wp-cms-2/2025/02/p-91273725-how-apple-could-work-with-deepseek.jpg",Michael Grothaus
AI expert explores Finland’s role in global tech race,"As the US and China compete for dominance in artificial intelligence (AI), Finland is carving out its role by focusing on innovation tailored to its unique language and culture.
According to Peter S… [+2846 chars]","Silo AI founder Peter Sarlin highlights the importance of sovereignty, innovation and education in boosting Finland’s competitiveness in the sector on the world stage.",https://yle.fi/a/74-20142384,YLE News,2025-02-08T09:59:57Z,"https://images.cdn.yle.fi/image/upload/c_crop,x_0,y_153,w_6000,h_3375/w_1200,ar_1.91,c_fill/q_auto:eco,f_auto,fl_lossy/v1739002816/39-141858767a712ab2e90b",
Alibaba denies it has made $1 billion investment in DeepSeek,"On Feb. 7, reports circulated online that Alibaba was looking to invest $1 billion in DeepSeek to take a 10% stake, valuing the AI company at $10 billion and potentially forging a strong partnership … [+356 chars]","On Feb. 7, reports circulated online that Alibaba was looking to invest $1 billion in DeepSeek to take a 10% stake, valuing the AI company at $10 billion and potentially forging a strong partnership between two Hangzhou-based tech companies. Alibaba Group Vic…",http://technode.com/2025/02/08/alibaba-denies-it-has-made-1-billion-investment-in-deepseek/,TechNode,2025-02-08T09:38:00Z,https://i0.wp.com/technode.com/wp-content/uploads/2023/10/%E6%88%AA%E5%B1%8F2023-10-10-%E4%B8%8B%E5%8D%883.49.21.png?fit=480%2C254&ssl=1,TechNode Feed
Apple Stock Jumps on Artificial Intelligence (AI) Driving iPhone Sales. Here's Why It's Not Getting Crushed by the DeepSeek Launch,"The news of DeepSeek's launch last week spread rapidly in the markets, wiping out 16% of Nvidia's value while affecting many other artificial intelligence (AI) stocks.However, several stocks notably … [+147 chars]","The news of DeepSeek's launch last week spread rapidly in the markets, wiping out 16% of Nvidia's value while affecting many other artificial intelligence (AI) stocks.
However, several stocks notably withstood the DeepSeek avalanche, including Apple (NASDAQ: …",https://biztoc.com/x/519f28455f9d8f33,Biztoc.com,2025-02-08T09:35:30Z,https://biztoc.com/cdn/808/og.png,aol.com
Apple Stock Jumps on Artificial Intelligence (AI) Driving iPhone Sales. Here's Why It's Not Getting Crushed by the DeepSeek Launch.,"If you click 'Accept all', we and our partners, including 239 who are part of the IAB Transparency &amp; Consent Framework, will also store and/or access information on a device (in other words, use … [+702 chars]",,https://consent.yahoo.com/v2/collectConsent?sessionId=1_cc-session_713cb470-d013-43f6-94ee-23b0db69939c,Yahoo Entertainment,2025-02-08T09:05:00Z,,
How Apple could work with DeepSeek to pull ahead in the AI race,"Ever since DeepSeek burst onto the scene last month, theres been no shortage of opinions about what the Chinese startups artificial intelligence accomplishments mean for Americas AI giants like OpenA… [+1937 chars]","Ever since DeepSeek burst onto the scene last month, there’s been no shortage of opinions about what the Chinese startup’s artificial intelligence accomplishments mean for America’s AI giants like OpenAI, Microsoft, Google, and Meta. 



However, there’s one …",https://www.fastcompany.com/91273725/deepseek-benefit-apple-intelligence-china-ai-race-openai-google-microsoft-meta,Fast Company,2025-02-08T10:00:00Z,"https://images.fastcompany.com/image/upload/f_webp,q_auto,c_fit,w_1024,h_1024/wp-cms-2/2025/02/p-91273725-how-apple-could-work-with-deepseek.jpg",Michael Grothaus
AI expert explores Finland’s role in global tech race,"As the US and China compete for dominance in artificial intelligence (AI), Finland is carving out its role by focusing on innovation tailored to its unique language and culture.
According to Peter S… [+2846 chars]","Silo AI founder Peter Sarlin highlights the importance of sovereignty, innovation and education in boosting Finland’s competitiveness in the sector on the world stage.",https://yle.fi/a/74-20142384,YLE News,2025-02-08T09:59:57Z,"https://images.cdn.yle.fi/image/upload/c_crop,x_0,y_153,w_6000,h_3375/w_1200,ar_1.91,c_fill/q_auto:eco,f_auto,fl_lossy/v1739002816/39-141858767a712ab2e90b",
"MediaTek Is ‘Doing Some Simulations’ To See If It Will Be Included In U.S. Tariffs, Chief Executive Says That This Year Will Be ‘Manageable’","Technology companies based in Taiwan face the possibility that newly elected U.S. President Donald Trump will follow through with this plan of applying tariffs on imported chips, meaning that MediaTe… [+1950 chars]","Technology companies based in Taiwan face the possibility that newly elected U.S. President Donald Trump will follow through with this plan of applying tariffs on imported chips, meaning that MediaTek will also be included in this list. This move will subsequ…",https://wccftech.com/mediatek-doing-simulations-to-see-if-it-will-be-included-in-us-tariffs/,Wccftech,2025-02-08T08:03:27Z,https://cdn.wccftech.com/wp-content/uploads/2025/02/MediaTek.jpg,Omar Sohail
"Cloudastructure, Inc. Class A Common Stock (CSAI) Expands Sales Team to Meet Growing Demand for AI Security Solutions","We recently compiled a list of the 10 AI News Updates Making Waves on Wall Street. In this article, we are going to take a look at where Cloudastructure, Inc. Class A Common Stock (NASDAQ:CSAI) stand… [+4626 chars]","We recently compiled a list of the 10 AI News Updates Making Waves on Wall Street. In this article, we are going to take a look at where Cloudastructure, Inc...",https://finance.yahoo.com/news/cloudastructure-inc-class-common-stock-072419300.html,Yahoo Entertainment,2025-02-08T07:24:19Z,https://s.yimg.com/ny/api/res/1.2/jES.4QWlDHc9sIS36lXM2g--/YXBwaWQ9aGlnaGxhbmRlcjt3PTEyMDA7aD02NzM-/https://media.zenfs.com/en/insidermonkey.com/98ce5b257a2e848e21ffb1e42a1541ab,Affan Mir
Top startup and tech stories this week,"Welcome to a new edition of ETtech Unwrapped our weekend newsletter packed with the most important stories this week. Lets take a look.
OpenAI CEO Sam AltmanInterview: OpenAI CEO Sam Altman on DeepS… [+5522 chars]",Welcome to a new edition of ETtech Unwrapped – our weekend newsletter packed with the most important stories this week. Let’s take a look.,https://economictimes.indiatimes.com/tech/newsletters/ettech-unwrapped/top-startup-and-tech-stories-this-week/articleshow/118044779.cms,The Times of India,2025-02-08T01:24:16Z,"https://img.etimg.com/thumb/msid-118044779,width-1070,height-580,imgsize-37466,overlay-ettech/editionshow.jpg",ETtech
Morgan Stanley Forecasts Strong Price Appreciation for Corpay (NYSE:CPAY) Stock,"Corpay (NYSE:CPAY – Get Free Report) had its price objective raised by research analysts at Morgan Stanley from $350.00 to $380.00 in a research report issued to clients and investors on Thursday,Ben… [+5088 chars]","Corpay (NYSE:CPAY – Get Free Report) had its price objective raised by research analysts at Morgan Stanley from $350.00 to $380.00 in a research report issued to clients and investors on Thursday,Benzinga reports. The brokerage currently has an “equal weight”…",https://www.etfdailynews.com/2025/02/08/morgan-stanley-forecasts-strong-price-appreciation-for-corpay-nysecpay-stock/,ETF Daily News,2025-02-08T09:42:57Z,https://www.americanbankingnews.com/wp-content/timthumb/timthumb.php?src=https://www.marketbeat.com/logos/corpay-inc-logo-1200x675.jpg?v=20240412141104&w=240&h=240&zc=2,MarketBeat News
Enova International (NYSE:ENVA) Price Target Raised to $129.00,"Enova International (NYSE:ENVA – Free Report) had its price target increased by BTIG Research from $122.00 to $129.00 in a research report sent to investors on Wednesday,Benzinga reports. BTIG Resear… [+4924 chars]","Enova International (NYSE:ENVA – Free Report) had its price target increased by BTIG Research from $122.00 to $129.00 in a research report sent to investors on Wednesday,Benzinga reports. BTIG Research currently has a buy rating on the credit services provide…",https://www.etfdailynews.com/2025/02/08/enova-international-nyseenva-price-target-raised-to-129-00/,ETF Daily News,2025-02-08T09:40:52Z,https://www.americanbankingnews.com/wp-content/timthumb/timthumb.php?src=https://www.marketbeat.com/logos/enova-international-inc-logo.png?v=20240515085242&w=240&h=240&zc=2,MarketBeat News
Apple Stock Jumps on Artificial Intelligence (AI) Driving iPhone Sales. Here's Why It's Not Getting Crushed by the DeepSeek Launch,"The news of DeepSeek's launch last week spread rapidly in the markets, wiping out 16% of Nvidia's value while affecting many other artificial intelligence (AI) stocks.However, several stocks notably … [+147 chars]","The news of DeepSeek's launch last week spread rapidly in the markets, wiping out 16% of Nvidia's value while affecting many other artificial intelligence (AI) stocks.
However, several stocks notably withstood the DeepSeek avalanche, including Apple (NASDAQ: …",https://biztoc.com/x/519f28455f9d8f33,Biztoc.com,2025-02-08T09:35:30Z,https://biztoc.com/cdn/808/og.png,aol.com
"abrdn plc Sells 198,071 Shares of Loma Negra Compañía Industrial Argentina Sociedad Anónima (NYSE:LOMA)","abrdn plc decreased its position in shares of Loma Negra Compañía Industrial Argentina Sociedad Anónima (NYSE:LOMA – Free Report) by 15.8% during the 4th quarter, according to its most recent filing … [+4047 chars]","abrdn plc decreased its position in shares of Loma Negra Compañía Industrial Argentina Sociedad Anónima (NYSE:LOMA – Free Report) by 15.8% during the 4th quarter, according to its most recent filing with the Securities and Exchange Commission (SEC). The firm …",https://www.etfdailynews.com/2025/02/08/abrdn-plc-sells-198071-shares-of-loma-negra-compania-industrial-argentina-sociedad-anonima-nyseloma/,ETF Daily News,2025-02-08T09:35:05Z,https://www.americanbankingnews.com/wp-content/timthumb/timthumb.php?src=https://www.marketbeat.com/logos/loma-negra-compania-industrial-argentina-sa-sponsored-adr-logo-1200x675.png&w=240&h=240&zc=2,MarketBeat News
Alpha Omega Wealth Management LLC Sells 330 Shares of JPMorgan Chase & Co. (NYSE:JPM),"Alpha Omega Wealth Management LLC reduced its stake in shares of JPMorgan Chase &amp; Co. (NYSE:JPM) by 0.8% during the 4th quarter, HoldingsChannel reports. The firm owned 38,687 shares of the finan… [+6627 chars]","Alpha Omega Wealth Management LLC reduced its stake in shares of JPMorgan Chase & Co. (NYSE:JPM) by 0.8% during the 4th quarter, HoldingsChannel reports. The firm owned 38,687 shares of the financial services provider’s stock after selling 330 shares during t…",https://www.etfdailynews.com/2025/02/08/alpha-omega-wealth-management-llc-sells-330-shares-of-jpmorgan-chase-co-nysejpm/,ETF Daily News,2025-02-08T09:35:04Z,https://www.americanbankingnews.com/wp-content/timthumb/timthumb.php?src=https://www.marketbeat.com/logos/jpmorgan-chase--co-logo-1200x675.png?v=20221020142040&w=240&h=240&zc=2,MarketBeat News
"James J. Burns & Company LLC Lowers Position in Tesla, Inc. (NASDAQ:TSLA)","James J. Burns &amp; Company LLC cut its stake in Tesla, Inc. (NASDAQ:TSLA – Free Report) by 2.5% in the 4th quarter, according to the company in its most recent disclosure with the Securities &amp; … [+6177 chars]","James J. Burns & Company LLC cut its stake in Tesla, Inc. (NASDAQ:TSLA – Free Report) by 2.5% in the 4th quarter, according to the company in its most recent disclosure with the Securities & Exchange Commission. The fund owned 10,209 shares of the electric ve…",https://www.etfdailynews.com/2025/02/08/james-j-burns-company-llc-lowers-position-in-tesla-inc-nasdaqtsla/,ETF Daily News,2025-02-08T09:57:03Z,https://www.americanbankingnews.com/wp-content/timthumb/timthumb.php?src=https://www.marketbeat.com/logos/tesla-inc-logo-1200x675.png?v=20221020135629&w=240&h=240&zc=2,MarketBeat News
"abrdn plc Purchases 23,078 Shares of UDR, Inc. (NYSE:UDR)","abrdn plc increased its holdings in shares of UDR, Inc. (NYSE:UDR – Free Report) by 11.8% in the 4th quarter, HoldingsChannel.com reports. The firm owned 219,193 shares of the real estate investment … [+4492 chars]","abrdn plc increased its holdings in shares of UDR, Inc. (NYSE:UDR – Free Report) by 11.8% in the 4th quarter, HoldingsChannel.com reports. The firm owned 219,193 shares of the real estate investment trust’s stock after acquiring an additional 23,078 shares du…",https://www.etfdailynews.com/2025/02/08/abrdn-plc-purchases-23078-shares-of-udr-inc-nyseudr/,ETF Daily News,2025-02-08T09:57:00Z,https://www.americanbankingnews.com/wp-content/timthumb/timthumb.php?src=https://www.marketbeat.com/logos/udr-inc-logo-1200x675.png?v=20240108101314&w=240&h=240&zc=2,MarketBeat News
How a data engineer returned 483% trading on bitcoin's value inside a triple tax benefit account,"The Financial Independence, Retire Early (or FIRE) movement was Brandon Frenchak's introduction to investing.
He was a few years out of college, looking for ways to make his paycheck go further, whe… [+5986 chars]",He returned 483%  trading on the gap between a stock's net asset value and share price using a tax-free account.,https://www.businessinsider.com/how-to-trade-bitcoin-triple-tax-benefit-account-hsa-trader-2025-2,Business Insider,2025-02-08T09:55:01Z,https://i.insider.com/67a52ceeeb4be2fff9a3db12?width=1200&format=jpeg,lmaidan@businessinsider.com (Laila Maidan)
"Palantir Stock’s Great Week, and a MicroStrategy Security to Buy Now - Barron's",The Fine Print: The following comments are owned by whoever posted them. We are not responsible for them in any way.,"Palantir Stock’s Great Week, and a MicroStrategy Security to Buy NowBarron's 1 AI Stock to Buy Before It Soars 335% to $1 Trillion, According to a Wall Street AnalystYahoo Finance Stock Market Investing: This IBD Rating Helped Investors Judge Palantir's Mettl…",https://slashdot.org/firehose.pl?op=view&amp;id=176155915,Slashdot.org,2025-02-08T09:52:19Z,,feedfeeder
